<rdf:RDF
    xmlns:rdf="http://www.w3.org/1999/02/22-rdf-syntax-ns#"
    xmlns:admin="http://webns.net/mvcb/"
    xmlns:rdfs="http://www.w3.org/2000/01/rdf-schema#"
    xmlns:foaf="http://xmlns.com/foaf/0.1/">
  <foaf:PersonalProfileDocument rdf:about="file:///C:/Users/tr3nzu/eclipse-workspace/Sem%20Assign1/">
    <foaf:maker>
      <foaf:Person rdf:about="file:///C:/Users/tr3nzu/eclipse-workspace/Sem%20Assign1/#me">
        <foaf:name>Rajesh Srinivasa Ayachitula</foaf:name>
        <foaf:title>Mr</foaf:title>
        <foaf:givenname>Rajesh Srinivasa</foaf:givenname>
        <foaf:family_name>Ayachitula</foaf:family_name>
        <foaf:nick>Rajesh</foaf:nick>
        <foaf:mbox rdf:resource="mailto:rajesh134@gmail.com"/>
        <foaf:homepage rdf:resource="http://www.utdallas.edu/"/>
        <foaf:depiction rdf:resource="file:///C:/Users/tr3nzu/eclipse-workspace/Sem%20Assign1/Rajesh.jpg"/>
        <foaf:phone rdf:resource="tel:324121"/>
        <foaf:workplaceHomepage rdf:resource="http://www.utdallas.edu/"/>
        <foaf:workInfoHomepage rdf:resource="http://www.utdallas.edu//student"/>
        <foaf:schoolHomepage rdf:resource="http://www.utdallas.edu/"/>
        <foaf:knows>
          <foaf:Person>
            <foaf:name>Praveena1</foaf:name>
            <foaf:mbox rdf:resource="mailto:praveena1@gmail.com"/>
            <rdfs:seeAlso rdf:resource="http://www.utdallas.edu/praveena1"/>
          </foaf:Person>
        </foaf:knows>
        <foaf:knows>
          <foaf:Person>
            <foaf:name>praveena2</foaf:name>
            <foaf:mbox rdf:resource="mailto:praveena2@utdallas.edu"/>
            <rdfs:seeAlso rdf:resource="http://www.utdallas.edu//praveena2"/>
          </foaf:Person>
        </foaf:knows>
        <foaf:knows>
          <foaf:Person>
            <foaf:name>praveena3</foaf:name>
            <foaf:mbox rdf:resource="mailto:praveena3@gmail.com"/>
            <rdfs:seeAlso rdf:resource="http://www.utdallas.edu/praveena3"/>
          </foaf:Person>
        </foaf:knows>
      </foaf:Person>
    </foaf:maker>
    <foaf:primaryTopic rdf:resource="file:///C:/Users/tr3nzu/eclipse-workspace/Sem%20Assign1/#me"/>
    <admin:generatorAgent rdf:resource="http://www.ldodds.com/foaf/foaf-a-matic"/>
    <admin:errorReportsTo rdf:resource="mailto:leigh@ldodds.com"/>
  </foaf:PersonalProfileDocument>
</rdf:RDF>
